{
  "ikari_stores": {
    "芦屋店": {
      "coords": [
        34.740587,
        135.311702
      ]
    },
    "岡本店": {
      "coords": [
        34.7251678,
        135.2687448
      ]
    },
    "有野店": {
      "coords": [
        34.832616,
        135.228104
      ]
    },
    "六甲店": {
      "coords": [
        34.720621,
        135.233624
      ]
    },
    "御影店": {
      "coords": [
        34.717179,
        135.254179
      ]
    },
    "神戸三宮店": {
      "coords": [
        34.693305,
        135.196089
      ]
    },
    "摂津本山駅前店": {
      "coords": [
        34.727013,
        135.2765
      ]
    },
    "夙川店": {
      "coords": [
        34.74909,
        135.326459
      ]
    },
    "門戸店": {
      "coords": [
        34.756448,
        135.357425
      ]
    },
    "甲子園店": {
      "coords": [
        34.724171,
        135.364035
      ]
    },
    "甲陽園店": {
      "coords": [
        34.761071,
        135.329594
      ]
    },
    "宝塚店": {
      "coords": [
        34.803733,
        135.344657
      ]
    },
    "阪急逆瀬川店": {
      "coords": [
        34.797488,
        135.351189
      ]
    },
    "塚口店": {
      "coords": [
        34.754282,
        135.414315
      ]
    },
    "阪急伊丹店": {
      "coords": [
        34.779838,
        135.413636
      ]
    },
    "豊中店": {
      "coords": [
        34.786355,
        135.47835
      ]
    },
    "箕面店": {
      "coords": [
        34.832011,
        135.469643
      ]
    },
    "王子店": {
      "coords": [
        34.802399,
        135.521073
      ]
    },
    "高槻店": {
      "coords": [
        34.868441,
        135.614144
      ]
    },
    "JR大阪店": {
      "coords": [
        34.7024,
        135.4959
      ]
    },
    "南海なんば店": {
      "coords": [
        34.66387,
        135.500792
      ]
    },
    "豊中緑丘店": {
      "coords": [
        34.811411,
        135.481529
      ]
    },
    "ライクス常盤店": {
      "coords": [
        35.021266,
        135.70196
      ]
    }
  }
}